origin_year,n,log_price_rel_metro,log_price_rel_metro_nyc,nbr_log_price_gap,nbr_log_price_gap_nyc,price_to_income,price_to_income_nyc,rent_yield,rent_yield_nyc,log_income,log_income_nyc,bachelors_share,bachelors_share_nyc,mom_1y,mom_1y_nyc,mom_5y,mom_5y_nyc,unemployment_rate,unemployment_rate_nyc,beta_10y,beta_10y_nyc,log_price_rel_county,log_price_rel_county_nyc,inventory_yoy,inventory_yoy_nyc,price_cut_share,price_cut_share_nyc
2000,11216,-0.1865222641632398,-0.4044203935848128,-0.1315008559768356,-0.330892490263575,,,,,,,,,,,,,,,,,-0.138144221588504,-0.3292361111147842,,,,
2001,11550,-0.2463629919552028,-0.5115065362288509,-0.1595412764839002,-0.389156010492891,,,,,,,,,0.0643181767451351,0.2067090511308293,,,,,,,-0.1878561346527501,-0.4187203636690947,,,,
2002,11978,-0.2662164376666236,-0.5499901127150485,-0.1775257582179695,-0.3802539115698495,,,,,,,,,0.0649500993328588,0.1907906519279981,,,,,,,-0.2040022671509608,-0.4269645388861691,,,,
2003,12229,-0.1516179270550595,-0.3696889013917087,-0.1118007015371697,-0.2801804714689196,,,,,,,,,0.019682594572497,0.1343440186974071,,,,,,,-0.0816493176717912,-0.28720587884376,,,,
2004,12570,0.0669939595208756,0.0241091099336625,0.0342486842361594,-0.0568266816063246,,,,,,,,,-0.074741380249073,-0.1803734030421756,,,,,,,0.123781251133009,0.009888577021989,,,,
2005,12885,0.1669624321940771,0.2345778856699038,0.0964564392976631,0.0876885626379147,,,,,,,,,-0.138219053761777,0.1521654169426179,-0.182547778648825,-0.1026963985498315,,,,,0.1863738829089966,0.199915903914427,,,,
2006,13038,0.2794056232517596,0.5051741793620254,0.1681196010894809,0.1745125438710515,,,,,,,,,-0.1433726830581571,-0.0653139449205376,-0.2091028984214432,-0.2123434508668961,,,-0.1174925529419516,0.0753501039110024,0.2837359428419733,0.3335233465601919,,,,
2007,13238,0.3122038610004136,0.5653320964451742,0.1912414345047937,0.185977879291539,,,,,,,,,-0.0543036394523179,-0.238921052448791,-0.2086214359784083,-0.2902995453879687,,,-0.0864590449290779,0.1216302532805296,0.3163812173575362,0.3609715942059165,,,,
2008,13573,0.3319063880615981,0.5509420948947148,0.1957137543324162,0.2091614082425653,,,,,,,,,0.2292125336721196,0.4022749951760476,-0.0396129392102498,-0.1332782825576822,,,-0.1775790228412283,-0.2875590793833482,0.3240584867041722,0.3690222337324946,,,,
2009,14915,0.1611103228356699,0.500269154298754,0.0547768879138732,0.1581367931963503,,,,,,,,,0.0946094339929081,0.2439709210817135,0.0161031007939002,0.3377867915519179,,,-0.0441137296384334,-0.3418382683873673,0.14787121831389,0.3154141098809439,,,,
2010,15165,0.0325902527096857,0.4528523932100954,-0.055233737927744,0.1144063114223962,,,,,,,,,-0.0348441473579447,-0.0673118201028579,-0.0217345740998869,0.3894696597371771,,,0.0662356232929874,-0.2525029807816057,0.0344609040486918,0.2534429129559906,,,,
2011,15293,-0.1783686966322141,0.2732604660319782,-0.2244385818111151,-0.0275489961703065,,,,,,,,,-0.0334512581656979,0.4540904113021785,-0.128140300180499,0.3873529073223104,,,0.1889187142400307,-0.2033992794971046,-0.1772156466522705,0.0888942605209918,,,,
2012,16184,-0.2855248685553369,0.1357999331596416,-0.3075156322108149,-0.1494767791060225,,,,,,,,,0.0213360736324404,0.3726031837549746,-0.2285474038445945,0.271661786748658,,,0.2894012143742077,-0.0056128898780789,-0.3007855385610278,-0.0895757216120642,,,,
2013,16526,-0.4424448468732284,-0.1012326908122649,-0.4238582142886899,-0.2849890760482604,-0.2437182297967922,0.3642712250821276,,,-0.3825752078150377,-0.5596839226658438,-0.3586598275292155,-0.3537130525813046,0.167132810075762,0.1942582837268364,-0.2596995589283331,0.0454032521440431,0.3162871584402101,0.3284234615575994,0.3539965446269202,0.3169708001074736,-0.43905798887489,-0.3167430252095975,,,,
2014,16740,-0.532507428008957,-0.3806029502864221,-0.4689881393404806,-0.4041494465110293,-0.2863947802035526,0.1514822605345538,,,-0.4481947234427848,-0.6887907585023292,-0.4481142328123326,-0.6444554922088233,0.2182093464422829,0.048600080510943,-0.1281249798664115,-0.1289797154613768,0.3653818441163097,0.3929100576783675,0.3704589041723077,0.5108933684206225,-0.5073508969474475,-0.4899187371117663,,,,
2015,16966,-0.5976388735098309,-0.5963043937435666,-0.4943816969898376,-0.4706726195664117,-0.3257803278769461,-0.0730005685250737,0.5514870590622917,0.8002557544757034,-0.4744049365505292,-0.6906102078706117,-0.4924892781952498,-0.7621289907458221,0.2557715507834176,0.1986598557089294,-0.0395112257136202,-0.2215657015466669,0.3913695422275292,0.4592027280963093,0.3547877932673097,0.4100636703081706,-0.5550411918974202,-0.6106294783637097,,,,
2016,17547,-0.6004081733255887,-0.7413084972100649,-0.4499861952494537,-0.4344289930737488,-0.3499214054848393,-0.3501158400727607,0.5179581325004413,0.748761985611824,-0.437379954503749,-0.5062640404368365,-0.5028520421541298,-0.6911680892814479,0.2919158544622479,0.2054783456643175,0.0705738709050461,-0.3576438713185489,0.3775001447430575,0.402114495335893,0.3315916325533716,0.2940251725130686,-0.5135562092114081,-0.5533265069172515,,,,
2017,17755,-0.4874553000765136,-0.6889629837005187,-0.3485468449089324,-0.3273763243209621,-0.325022751172933,-0.4220247158594077,0.4589873003794835,0.6676029962546818,-0.3167846246788233,-0.3415923951631994,-0.3913966626904598,-0.5405677628157863,0.2263758303426474,0.1102470564389426,0.1051887136202371,-0.2962371445038014,0.2810876769059303,0.2897293429195683,0.2711555829464981,0.2482092784519976,-0.3898189122156323,-0.409411477332941,,,,
2018,17963,-0.4140206795241293,-0.6744706780113499,-0.2755309356284318,-0.2422427120353729,-0.3175088682487347,-0.5207121648231989,0.4019802628681221,0.6713526336598866,-0.2150761540617959,-0.1849457298495909,-0.291477126965705,-0.4059030370236117,0.2096702380929621,0.1276933893817224,0.1280927838831034,-0.2435049924764829,0.1933575622535173,0.1560265891633365,0.1876833801649212,0.107553974620717,-0.3147226963671048,-0.2799386028525726,,,-0.234412214835348,0.0836122151518051
2019,18397,-0.331517426318303,-0.600029867200485,-0.2178472823997276,-0.1550769643278532,-0.2944558278837578,-0.5680144423619824,0.2494742381700095,0.658090031992342,-0.135073101355932,-0.0221791039722093,-0.2079628734985591,-0.216124831061578,0.2027537812076615,0.366895666586196,0.1300476022552383,-0.0915446270561864,0.1147678473203432,0.008122203442377,0.1141591088756253,0.1931976233311491,-0.2371657105441957,-0.1517120656397633,-0.103810790022411,-0.2266872230991834,-0.1486204143609317,0.3387053361146625
2020,18475,-0.1413699241767854,-0.4534150026444478,-0.0704162478977853,-0.0537950489065404,-0.2394119601268608,-0.5546278388387983,0.1200843599772542,0.5723348851889845,0.0298599704299242,0.1167339431748661,-0.0459911295132844,-0.0426223613601703,0.0565582260829384,0.2140843228159925,0.0424602314787343,-0.0590874560215934,-0.0010887189179532,-0.0703777993895033,-0.0084535317932848,0.2286341709266326,-0.0594327761633966,0.0026983383360305,-0.1521498198013028,-0.460371951948941,-0.1405477700511127,0.2218836150394169
2021,18645,0.0636732752083796,-0.1358388923607578,0.0687909342119325,0.044333346080339,-0.119158067321728,-0.4216683513951904,-0.0821892518963779,0.4797589934101218,0.1752224727201323,0.317343114918421,0.0772997516364975,0.1610420477872063,0.1460175669876326,0.5934847798389236,0.018990910779945,0.1622253847086038,-0.1219642446361075,-0.1405863661039627,0.0501729779459048,0.5270295196025269,0.1107340812780799,0.1278157382130739,-0.1527033928034862,-0.4205919254190135,-0.0983689098024374,-0.0864274577493037
